Period,Mean Opioid per capita,Median Opioid per capita,Minimum Opioid per capita,Maximum Opioid per capita
Pre-Policy,483.0030850283437,422.27346472490495,85.97805336339722,1777.1044165363144
Post-Policy,617.4183383368102,566.6873961592436,92.14018438177874,2216.3651028711292
Pre-Policy,562.4826314225382,489.20639502336627,0.28395872420262663,2557.2692749798225
Post-Policy,769.9959968156128,675.2170397649653,26.349750453720507,2487.5543053466054
