Group,Mean Opioid per capita,Median Opioid per capita,Minimum Opioid per capita,Maximum Opioid per capita
Pre-Policy,361.9225932402172,329.74954771132286,100.54750651933146,879.2571212338362
Post-Policy,387.1747145706097,349.62077054549883,147.82146819881135,809.4900229591836
Pre-Policy,346.21121641721675,310.8366889739107,42.252729294589756,1605.0992235928022
Post-Policy,367.2435718806029,350.3112219859888,53.883659866519885,937.429663259719
